golden_id,tweet_text,true_intent,true_action,must_contain,customer_tweet_id,support_tweet_id,customer_created_at,support_text
G001,"What's going on Apple, I've spent all night trying to set up my new iphone and your AppleID has totally messed up. Fed up and possibly not having a phone tomorrow",account_access,ESCALATE,Do not request credentials publicly; use safe account-recovery or secure handoff guidance.,457237,457235,Fri Dec 01 00:05:07 +0000 2017,"@223562 We know how important it is to have your new iPhone up and running. Let's work on this together. For your security and privacy, send us a DM telling us what's happening with your Apple ID and we'll see how we can help. https://t.co/GDrqU22YpT"
G002,So some random person is trying to use my email address for their apple id and now I'm 1) getting spammed with verification emails 2) can't create an apple id using that email address 3) can't login to their apple id (don't know the phone number) 4) no way to tell,account_access,ESCALATE,Do not request credentials publicly; use safe account-recovery or secure handoff guidance.,457232,457231,Fri Dec 01 00:12:42 +0000 2017,"@223561 We know how important it is to have access to your account, and we are going to do everything we can to help you. Please contact our Apple ID account specialists for support. You can reach out to them here: https://t.co/UJm15vmMM2"
G003,How tf am I randomly gonna get signed out of my iCloud and then when I type in the correct info it doesn’t sign me in 😑,account_access,ESCALATE,Do not request credentials publicly; use safe account-recovery or secure handoff guidance.,2985240,2985238,Fri Dec 01 00:37:16 +0000 2017,@823162 We'd like to help you get this resolved. Are you getting error messages when this happens?
G004,"OK/Accept button is disabled in the touch bar running on macOS Sierra , after entering Apple ID password for downloading apps from App Store.",account_access,ESCALATE,Do not request credentials publicly; use safe account-recovery or secure handoff guidance.,464743,464742,Fri Dec 01 03:20:44 +0000 2017,@225534 We're here to help you use the Mac as you expect. DM us what country or region you're located in. https://t.co/GDrqU22YpT
G005,How can I get this when I can’t even get into my account even though I try to reset password,account_access,ESCALATE,Do not request credentials publicly; use safe account-recovery or secure handoff guidance.,447332,481860,Fri Dec 01 05:17:49 +0000 2017,@229541 Thanks for reaching out to us. We are always happy to help. Send us a DM and tell us where you're having trouble. We'll help you there. https://t.co/GDrqU22YpT
G006,how long must I wait for iCloud to stop telling me that the birthday is invalid? Just because I hit the wrong year? That is very annoying when signing up for an iCloud account,account_access,ESCALATE,Do not request credentials publicly; use safe account-recovery or secure handoff guidance.,481758,481757,Fri Dec 01 06:00:29 +0000 2017,@142069 Have you tried changing that information using: https://t.co/6pyBSJezmd Let us know so we can help.
G007,Someone help pls lmao I changed my Apple ID weeks ago and it won't let me sign out w/o entering the password which doesn't work bc different email 🙃,account_access,ESCALATE,Do not request credentials publicly; use safe account-recovery or secure handoff guidance.,483198,483197,Fri Dec 01 07:41:17 +0000 2017,@229928 Thanks for reaching out. We can definitely look into this further with you. Send us a DM and we'll go from there. https://t.co/GDrqU22YpT
G008,"I've been completely locked out of my Apple/iCloud ID for almost a month! FaceCime, iCloud, iTunes, email, everything (Case 100339492735). I have an iPhone X 256GB arriving today that I won't be able to setup. Questioning why. My ID is fine BTW. #timeforandroid?",account_access,ESCALATE,Do not request credentials publicly; use safe account-recovery or secure handoff guidance.,484521,484520,Fri Dec 01 08:43:30 +0000 2017,@230299 Congratulations on your iPhone X; how exciting! Meet up with us in Direct Message by clicking the link below. We'd like to research this more with you today. https://t.co/GDrqU22YpT
G009,"Tried installing the OS update High Sierra and thanks to the design flow, lost all the data, and now sitting with a corrupt apple id, which now behaves haphazard. Never expected this from Apple :( :( :(",account_access,ESCALATE,Do not request credentials publicly; use safe account-recovery or secure handoff guidance.,484507,484506,Fri Dec 01 09:59:10 +0000 2017,@230293 We'd like to look into this with you. Send us a DM by clicking on the link below. We'll continue there. https://t.co/GDrqU22YpT
G010,would you pls tell me how am I supposed to recover my apple id password if you say you'll text recovery information but don't,account_access,ESCALATE,Do not request credentials publicly; use safe account-recovery or secure handoff guidance.,491461,491460,Fri Dec 01 16:20:06 +0000 2017,"@232097 After you request account recovery, you get an email with a confirmation of your request, the date and time of when you can expect to regain access. You can find more information here: https://t.co/nXAGZj0EE7 Still have questions? Let us know in DM. https://t.co/GDrqU22YpT"
G011,One of our customers is trying to set up Apple ID on a new IPad. She has been asked for a phone number linked to billing but the IPad is asking for a number in the format 3 digits followed by six digits. How does this work with UK dial codes pls?,account_access,ESCALATE,Do not request credentials publicly; use safe account-recovery or secure handoff guidance.,491408,491407,Fri Dec 01 16:30:38 +0000 2017,"@232078 Thanks for reaching out. We can help. Check out this article for help creating the Apple ID: https://t.co/B5VCef8J64 Once the Apple ID has been created, they can change the region to update the telephone number in that region: https://t.co/usOJWy6ChP"
G012,I always have this issue I cannot connect to the iTunes Store with my Apple ID but when I use my sister ID in my iphone i can access to the iTunes Store so the issue is with my Apple ID not with my iphone device! help please!,account_access,ESCALATE,Do not request credentials publicly; use safe account-recovery or secure handoff guidance.,493562,493561,Fri Dec 01 16:44:36 +0000 2017,@153617 We'd be happy to continue looking into this with you. DM us and we'll go from there. https://t.co/GDrqU22YpT
G013,what can I do other than restarting my phone and re-logging in to my Apple ID to get my music and TV apps to open? Also can’t access settings-&gt;music because it just freezes.,account_access,ESCALATE,Do not request credentials publicly; use safe account-recovery or secure handoff guidance.,496876,496874,Fri Dec 01 17:19:49 +0000 2017,@142740 We'd like to help you out with your iPhone apps freezing. Which iOS version are you running? You can view the version in Settings &gt; General &gt; About.
G014,"I'm trying to setup a password for my phone mail client and have so far been locked out of my account and logged out because of ""time outs"" about every 20 seconds!",account_access,ESCALATE,Do not request credentials publicly; use safe account-recovery or secure handoff guidance.,496798,496797,Fri Dec 01 17:52:34 +0000 2017,@233535 We want to help! DM us and let us know more about the issues you are having. We can look more into this issue from there. https://t.co/GDrqU2kzhr
G015,"living the dream trying to access my Apple ID , so far one promised phone call and two promised msgs failed to appear",account_access,ESCALATE,Do not request credentials publicly; use safe account-recovery or secure handoff guidance.,500095,500094,Fri Dec 01 18:40:29 +0000 2017,@234454 We'd need to get you to our Apple ID support over the phones. Only they can verify the identity on the account. They can be reached here: https://t.co/UJm15vmMM2
G016,It quits right away and yes. Also logged out of Apple ID also deleted the app and re downloaded,account_access,ESCALATE,Do not request credentials publicly; use safe account-recovery or secure handoff guidance.,489632,489633,Fri Dec 01 18:54:06 +0000 2017,@231613 Let's go ahead and meet in DM and we'll continue to look into this. https://t.co/GDrqU22YpT
G017,why is this coming up as I’ve reset the password twice and still can’t buy anything. I’ve logged out and into my mums account and still having trouble.,account_access,ESCALATE,Do not request credentials publicly; use safe account-recovery or secure handoff guidance.,503583,503581,Fri Dec 01 19:49:04 +0000 2017,"@235351 For a disabled Apple ID, you'll want to follow the steps in this article: https://t.co/HH37urdbz9"
G018,"hello, Ive changed i-phones and forgotten my Apple ID password. Plus BT have deleted the email address u send verification to",account_access,ESCALATE,Do not request credentials publicly; use safe account-recovery or secure handoff guidance.,506490,506488,Fri Dec 01 21:16:21 +0000 2017,"@236216 Not to worry, we are here to help. First, take the steps provided in the following link to reset your Apple ID: https://t.co/fJnZYmbI9N If you are unsucesfull using the article, please contact our Acount security team here: https://t.co/UJm15vmMM2"
G019,"I'm trying to setup a 5c to use as a work phone. I made a new apple id for work. I need 2 free apps but I cant get setup in the store. Keeps telling me ""For Assistance, contact itunes support at HELP!",account_access,ESCALATE,Do not request credentials publicly; use safe account-recovery or secure handoff guidance.,508245,508244,Fri Dec 01 21:31:03 +0000 2017,"@236694 Hello. Were you able to sign in to other services (like iCloud, Music, etc) using the new Apple ID on the iPhone 5C? If yes, then your best place for help will be our iTunes Support team. You can reach them directly here: https://t.co/SDIe7UiyJN If no, please DM: https://t.co/GDrqU22YpT"
G020,we’re both using the same apple id. she doesn’t have an apple music so she’s just listening to a song she BOUGHT on itunes yesterday . i pay for individual apple music monthly . w,account_access,ESCALATE,Do not request credentials publicly; use safe account-recovery or secure handoff guidance.,506468,506470,Fri Dec 01 21:42:17 +0000 2017,@236213 Thanks. Does she get an error message when she tries to play the song?
G021,why is my payment card being declined when I try to update it? My bank confirmed all is good on their side.,billing_purchase,ESCALATE,Acknowledge the billing/payment issue and avoid unsupported charge or refund claims.,458433,458432,Fri Dec 01 00:35:29 +0000 2017,@223869 Let's take a look at this together. Have you checked out this article on how to change/remove your payment methods: https://t.co/Y0YoIRcZa7
G022,"All of a sudden at the 24 month mark🤔 my #iphone6 started to freeze &amp; shut off randomly even when fully charged. I cant use it for more than 10 minutes without it totally dying. It could shut off at 70%, and when I plug it in, it’s at 12%. What is going on? #apple",billing_purchase,ESCALATE,Acknowledge the billing/payment issue and avoid unsupported charge or refund claims.,458404,458403,Fri Dec 01 00:45:07 +0000 2017,@223861 That shouldn't be happening with your iPhone 6. What's the version of iOS installed in Settings &gt; General &gt; About? Knowing this we can help isolate the issue further with you.
G023,"An app froze and as I tried to exit out of it, it charged me a bunch of money for a subscription. Trying to get it resolved has probably been the worst experience I’ve had with my iPhone so far.",billing_purchase,ESCALATE,Acknowledge the billing/payment issue and avoid unsupported charge or refund claims.,480619,480617,Fri Dec 01 06:08:38 +0000 2017,@229224 Thanks for reaching out. Please use this article to reach our iTunes Store for support: https://t.co/vkmC3PaAF5
G024,hi I can’t get my phone to update the apps it keeps saying payment declined even though there are funds available please help,billing_purchase,ESCALATE,Acknowledge the billing/payment issue and avoid unsupported charge or refund claims.,483250,483249,Fri Dec 01 07:23:07 +0000 2017,@229947 Hey there! Thanks so much for reaching out to us about your billing information. We'd love to help and recommend that you reach out to our iTunes Store team directly: https://t.co/SDIe7UiyJN
G025,Purchased an app for $1.68 and got charged $26.48. Not happy,billing_purchase,ESCALATE,Acknowledge the billing/payment issue and avoid unsupported charge or refund claims.,1509943,1509942,Fri Nov 03 06:11:58 +0000 2017,@470463 We want to help you get to the bottom of this. Please contact our iTunes Store Support for this issue: https://t.co/SDIe7UiyJN
G026,"So far, no problem with the update but I understand your frustration. Also, if my memory is right, the IMEI can also be found on the box of the phone and on the invoice",billing_purchase,AUTO-HANDLE,Acknowledge the billing/payment issue and avoid unsupported charge or refund claims.,2237311,2237310,Fri Nov 10 07:32:25 +0000 2017,"@652414 We're glad to hear it, let us know if you need anything else."
G027,I have a complaint....I have iPhone 6s and due to the new update iOS11.1 .my app is not updating ...and always coming a pop up msg of verification and telling me to make payment..and when I m making through my debit/credit card ..it is declining my payment.pls ressolve this issue,billing_purchase,ESCALATE,Acknowledge the billing/payment issue and avoid unsupported charge or refund claims.,612905,2237261,Fri Nov 10 15:41:26 +0000 2017,@652398 We can help get you to the right team. For billing &amp; buying issues reach iTunes Store Support here: https://t.co/SDIe7UA9Bl
G028,"why did i get charged 99 cents ... i didn’t buy an app today, don’t have Apple Music etc...",billing_purchase,ESCALATE,Acknowledge the billing/payment issue and avoid unsupported charge or refund claims.,2586439,2586438,Fri Nov 17 00:10:19 +0000 2017,@732871 Hi there. We'd be happy to point you in the right direction. You can check the purchase history on your device. Here's how: https://t.co/7LU2nj59FH
G029,I have paypal set as my payment method so why does this pop up??,billing_purchase,ESCALATE,Acknowledge the billing/payment issue and avoid unsupported charge or refund claims.,2615325,2615324,Fri Nov 17 04:50:20 +0000 2017,@261295 Let's team up and work this out together. Please meet us in DM and we'll be happy to take a closer look into this with you. https://t.co/GDrqU22YpT
G030,how do I remove a default credit card from Apple Pay? Thanks,billing_purchase,ESCALATE,Acknowledge the billing/payment issue and avoid unsupported charge or refund claims.,2616652,2616650,Fri Nov 17 06:27:26 +0000 2017,"@119529 Great question! The first card you add to Apple Pay will be you default card. After you add more cards, you can change your default card under the Wallet &amp; Apple Pay Settings. Here's how: https://t.co/qtyk71JfU1"
G031,"hi, i am from Indonesia, may i know what can i do with my apple watch? This morning my watch back suddenly detached when i charge it.. serial number is FHLQ2UVXG9JM, bought in US and still have the invoice. Now i just tape the back. Thank you",billing_purchase,ESCALATE,Acknowledge the billing/payment issue and avoid unsupported charge or refund claims.,2621169,2621168,Fri Nov 17 13:35:21 +0000 2017,"@740621 That's not the best way to start the morning, but we're more than happy to help you with this! Let's go into DM and we'll get started. https://t.co/GDrqU22YpT"
G032,I registered to have 6 months free Apple Music through EE here in the U.K. But I have just received an invoice for £9.99 after only 3 months,billing_purchase,AUTO-HANDLE,Acknowledge the billing/payment issue and avoid unsupported charge or refund claims.,2627727,2627726,Fri Nov 17 14:50:47 +0000 2017,@127880 We want to help get you headed in the right direction. Use this link to connect with our Apple Music team: https://t.co/Ew3uSP1vAz
G033,is there a way to set up family Apple Music without having to share payment methods?,billing_purchase,ESCALATE,Acknowledge the billing/payment issue and avoid unsupported charge or refund claims.,2621163,2621162,Fri Nov 17 15:39:25 +0000 2017,@506430 We can help out with that. Members of a family sharing group can bypass using the payment method on file for the group organizer by using iTunes gift cards for purchases.
G034,"This doesn't help. I want to use a particular credit card when using my uber app. But when I use my uber app, I am always directed to the default card within apple pay. I don't want this! any help?? thanks",billing_purchase,ESCALATE,Acknowledge the billing/payment issue and avoid unsupported charge or refund claims.,2616651,2616653,Fri Nov 17 21:03:06 +0000 2017,"@119529 We'd like to help you find the answers you need. In order for us to better assist, please meet up with us in DM: https://t.co/GDrqU22YpT"
G035,You charged me for Apple Music but didn’t even tell me my trial was over. I want a refund,billing_purchase,ESCALATE,Acknowledge the billing/payment issue and avoid unsupported charge or refund claims.,149947,149946,Fri Nov 24 13:31:12 +0000 2017,"@118717 The Apple Music plan automatically renews after the free trial period. If you'd like to cancel the subscription, and request a credit, you'll want to reach out to our iTunes Store support experts. Reach out to our iTunes Store experts here: https://t.co/SDIe7UiyJN"
G036,i want to update my payment method but it keeps saying the date cant be in the past when its well in the future.,billing_purchase,ESCALATE,Acknowledge the billing/payment issue and avoid unsupported charge or refund claims.,151504,151503,Fri Nov 24 14:12:08 +0000 2017,@150600 Thanks for reaching out to us about updating your payment info! We'd love to help with this and recommend reaching out to our iTunes Store team so they can look into what's going on. Click here to get started: https://t.co/SDIe7UiyJN
G037,"Check out this screenshot. The £2.49 you see being billed is an iCloud storage plan, shared with Family. The £14.99 is Apple Music Family Plan. What's changed?",billing_purchase,ESCALATE,Acknowledge the billing/payment issue and avoid unsupported charge or refund claims.,146641,146642,Fri Nov 24 16:04:40 +0000 2017,@149286 With a Family Sharing account you'll need to use a credit or debit card to make purchases. If you have more questions about payment options you can reach out to our iTunes Advisors here: https://t.co/SDIe7UiyJN
G038,Why won’t let me update my payment. It keeps saying card declined when I have money in my account! #iOS11,billing_purchase,ESCALATE,Acknowledge the billing/payment issue and avoid unsupported charge or refund claims.,270317,270316,Fri Oct 06 00:47:58 +0000 2017,@180449 We're happy to help. Let's start here: https://t.co/U96y4MTG7k
G039,Check your credit card statements carefully keeps restarting my Apple Music account and charges me $10.59 without permission.,billing_purchase,ESCALATE,Acknowledge the billing/payment issue and avoid unsupported charge or refund claims.,2062823,2062822,Fri Oct 06 12:52:00 +0000 2017,@610069 Let's look into this together. Send us a DM with more details about your issue. We'll help you there. https://t.co/GDrqU22YpT
G040,How do you retrieve your music back on your iPhone after changing your payment methods?,billing_purchase,ESCALATE,Acknowledge the billing/payment issue and avoid unsupported charge or refund claims.,843284,843282,Fri Oct 13 04:03:59 +0000 2017,@172211 Let's check a few settings. Go to Settings &gt; Music. Do you have iCloud Music Library enabled?
G041,Help This apple is a total #FAIL I’d like a refund. 21-Day Shred by American Media Inc.,purchase_refund,ESCALATE,Do not promise a refund; route account-specific purchase/refund handling safely.,487987,487986,Fri Dec 01 13:45:12 +0000 2017,@231157 We'd love to assist you with your refund request. Please reach out to our iTunes Store Support for further assistance here: https://t.co/SDIe7UiyJN
G042,Store are a mess at least in Miami. We have to go through 5 people to whatever you want to do. Least to do a Row in the middle of the hallway of the mall to return a #iPhoneX . Best Buy customer service is better.,purchase_refund,AUTO-HANDLE,Do not promise a refund; route account-specific purchase/refund handling safely.,493574,493573,Fri Dec 01 16:38:30 +0000 2017,"@232668 We'd like to look into this with you. To do that, please share with us in DM when you visited that location. https://t.co/GDrqU22YpT"
G043,hi! I just downgraded from a 200gb family plan for icloud to the 50gb a month instead after one day of using the family plan. am I eligible for a refund?,purchase_refund,ESCALATE,Do not promise a refund; route account-specific purchase/refund handling safely.,498633,498632,Fri Dec 01 18:10:16 +0000 2017,@234038 Let's help get you into the right hands to take a look into any available options. Please reach out to us via: https://t.co/IBIY3vMgPj
G044,I need help with something. I got a refund from two songs that I returned to iTunes but have yet been refunded my money. What's taking so long?,purchase_refund,ESCALATE,Do not promise a refund; route account-specific purchase/refund handling safely.,514796,514794,Fri Dec 01 23:48:09 +0000 2017,"@126729 We're not able to help out with this over Twitter, but reach out to our iTunes Store support via the following link and they can look in to it with you from there: https://t.co/SDIe7UiyJN"
G045,your update fucked up my phone. I want a refund😑,purchase_refund,ESCALATE,Do not promise a refund; route account-specific purchase/refund handling safely.,1482354,1482353,Fri Nov 03 01:41:30 +0000 2017,@464190 Thanks for reaching out. We're here to help. DM us so we can look into this further with you. https://t.co/GDrqU22YpT
G046,I️ would like a refund on this update,purchase_refund,ESCALATE,Do not promise a refund; route account-specific purchase/refund handling safely.,2039437,2039436,Fri Nov 03 02:25:07 +0000 2017,@603023 We'd love to help with your text! Please send us a DM with which version of iOS you're using. https://t.co/GDrqU22YpT
G047,hey fix your shit with this keyboard problem or I want my money back for my phone. thanks 😊,purchase_refund,ESCALATE,Do not promise a refund; route account-specific purchase/refund handling safely.,1993005,1993004,Fri Nov 03 03:05:31 +0000 2017,@589823 We're happy to look into this with you. Please DM us the iOS 11 version installed &amp; additional details about this issue. https://t.co/GDrqU22YpT
G048,Please I really want a refund to my Apple ID...it was paid from my gift balance...,purchase_refund,ESCALATE,Do not promise a refund; route account-specific purchase/refund handling safely.,1510545,1510543,Fri Nov 03 07:06:22 +0000 2017,@470601 Our iTunes Store team would be happy to help with your billing concerns. Reach them here: https://t.co/SDIe7UiyJN
G049,"Hi, since 09/27/17 I'm waiting for a refund. Polo Park-MB-CA didn't solve my problem. Somebody can help me?",purchase_refund,ESCALATE,Do not promise a refund; route account-specific purchase/refund handling safely.,1515386,1515385,Fri Nov 03 13:17:38 +0000 2017,@471586 We'd be happy to look into your situation. Please DM us here: https://t.co/GDrqU22YpT
G050,I keep seeing question marks all over my timeline and also my Bluetooth always randomly turns on??? wtf I want a refund,purchase_refund,ESCALATE,Do not promise a refund; route account-specific purchase/refund handling safely.,2001103,2001101,Fri Nov 03 15:35:56 +0000 2017,"@277743 We'd be happy to look this over with you. Please meet us in DM so we may gather information, and better assist. https://t.co/GDrqU22YpT"
G051,please can u let me know why u have been taking 2x9.99 for 1 year from my acc when I have only 1 Apple Music acc??#refund,purchase_refund,ESCALATE,Do not promise a refund; route account-specific purchase/refund handling safely.,1224414,1224413,Fri Nov 03 16:46:25 +0000 2017,@137020 Our iTunes Store team would be happy to take a look into that with you. Contact them here: https://t.co/SDIe7UiyJN
G052,Ok why did music charge me twice???? Y'all think I got four ears or something?? Send me that refund or im gonna sell my phone,purchase_refund,ESCALATE,Do not promise a refund; route account-specific purchase/refund handling safely.,2002713,2002712,Fri Nov 03 18:40:42 +0000 2017,@592198 We want to be sure you got billed the correct amount. Please reach out to our iTunes team here: https://t.co/SDIe7UiyJN https://t.co/GDrqU22YpT
G053,purchased my 5SE in March and already having issues with the new updates! #refund #buyback #freeupgrade #notcoolapple,purchase_refund,ESCALATE,Do not promise a refund; route account-specific purchase/refund handling safely.,2003251,2003250,Fri Nov 03 19:52:13 +0000 2017,"@592364 We want to help. Reach out to us via DM and let us know in detail what is occurring, then we can work together on this. https://t.co/GDrqU22YpT"
G054,130 mile trip for new iPhone X and the peace of junk doesn’t respond - touchscreen broken out of box - refund tomorrow! #crapquality,purchase_refund,ESCALATE,Do not promise a refund; route account-specific purchase/refund handling safely.,1540661,1540660,Fri Nov 03 22:09:14 +0000 2017,@477475 We want to help. Send us a DM letting us know which country you are located in. https://t.co/GDrqU22YpT
G055,Just bought a new iPhone to learn it wasn’t just me. Give me my money back.,purchase_refund,ESCALATE,Do not promise a refund; route account-specific purchase/refund handling safely.,2004567,2004566,Fri Nov 03 22:44:06 +0000 2017,"@592769 We want to take a look into this with you. DM us your version in Settings&gt;General&gt;About, and we’ll work there. https://t.co/GDrqU22YpT"
G056,can I get a refund for #iPhone7Plus ?,purchase_refund,ESCALATE,Do not promise a refund; route account-specific purchase/refund handling safely.,2241256,2241254,Fri Nov 10 18:59:19 +0000 2017,"@200633 Let us know via DM where the iPhone was purchased and when it was purchased, then we can take a look at this with you from there. https://t.co/GDrqU22YpT"
G057,AND MY PHONE IS DOING THE THING NOW I️ WANT MY MONEY BACK FOR THIS DUMB IPHONE 8,purchase_refund,ESCALATE,Do not promise a refund; route account-specific purchase/refund handling safely.,2253431,2253430,Fri Nov 10 19:23:33 +0000 2017,"@656440 iOS 11.1.1 was recently released and it includes a fix for autocorrect issues. Be sure to back up your device prior to updating, and let us know if the issue persists afterwards. How to back up: https://t.co/4f8hwT5to6"
G058,I am not a happy customer! My husband is going to return his iPhone X because no one can help Him reset his password! This is ridiculous!,purchase_refund,ESCALATE,Do not promise a refund; route account-specific purchase/refund handling safely.,2614310,2614308,Fri Nov 17 04:05:15 +0000 2017,@739041 This is not the experience we want for him. We'll be more than happy to look into the issue Can you provide us which password he's having an issue with? Is it with his Apple ID or lock screen? Let us know.
G059,Basically ages ago I had my phone stolen and someone purchased loads of crap I don’t even want the money back just be able to download apps,purchase_refund,ESCALATE,Do not promise a refund; route account-specific purchase/refund handling safely.,2575278,2575280,Fri Nov 17 04:20:53 +0000 2017,@443545 We can certainly understand wanting to get to the bottom of this and we want to make sure you receive the best assistance. Our iTunes Support team is in the best position to assist and can be contacted from here: https://t.co/SDIe7UiyJN
G060,I purchase something wrongly and i want to refund it how can i do that ?,purchase_refund,ESCALATE,Do not promise a refund; route account-specific purchase/refund handling safely.,2619937,2619936,Fri Nov 17 09:48:39 +0000 2017,@682308 We're here to help. You may be able to get this taken care of here: https://t.co/TnACmwZbFZ
G061,no changes to subscription &amp; can not access HBONow without opening a new account. Is there a glitch?,subscription,AUTO-HANDLE,Address subscription settings/cancellation without making unsupported billing promises.,460882,460881,Fri Dec 01 01:29:04 +0000 2017,@224494 Our iTunes Store team will be best able to help you sort out what's going on. You can reach out to them here: https://t.co/SDIe7UiyJN
G062,@AppleSupport how can I unsubscribe to an auto renewing app in my iPhone?,subscription,AUTO-HANDLE,Address subscription settings/cancellation and avoid unsupported billing claims.,32360,32358,Wed Nov 01 06:01:43 +0000 2017,@123168 This resource should do the trick. Check out the steps under 'Turn on Automatic Downloads': https://t.co/2oRvemLiMD
G063,hi stupid question... i have an Apple Music subscription f I download the songs for offline listening do I just pay £9.99 per month and not have to pay to eg. £0.99 for individual songs?,subscription,AUTO-HANDLE,Address subscription settings/cancellation without making unsupported billing promises.,486202,486201,Fri Dec 01 11:45:18 +0000 2017,@230673 With Apple Music you will only pay the monthly subscription fee. All music that is available to Apple Music subscribers can be downloaded for offline use. Here's a great article with more information: https://t.co/dZgsEePiEK
G064,I am an apple music subscriber. I backed up my phone via iTunes and restored the phone. I had a lot of music downloaded via Apple Music and now there's nothing after the reinstall. I can't even find a way to re-download all those tracks. Please advise?,subscription,AUTO-HANDLE,Address subscription settings/cancellation without making unsupported billing promises.,491487,491485,Fri Dec 01 14:00:33 +0000 2017,"@232102 When viewing music you want to download, you should see a ""+"" next to the song or album to download. Learn more here: https://t.co/p0ADuTStXR If you don't have this option let us know in a DM and we'll help with this. https://t.co/GDrqU22YpT"
G065,"I’ve inadvertently changed to the US store in AppStore now when I try to change it back in settings, I’m told to cancel my Apple Mysic subscription? Help!",subscription,AUTO-HANDLE,Address subscription settings/cancellation without making unsupported billing promises.,496801,496799,Fri Dec 01 17:49:25 +0000 2017,@233536 We'd love to help you with this. You will need to cancel your subscription and wait for it to run out in order to switch the country back as per this article: https://t.co/usOJWy6ChP
G066,"Hang on, I inadvertently hit change store on a pop up as an app wasn’t available in the UK and now I can’t change back just as easy? I need to cancel my subscription? It only renewed today so a month with no Apple Music? You’re kidding?!",subscription,AUTO-HANDLE,Address subscription settings/cancellation without making unsupported billing promises.,496800,496802,Fri Dec 01 19:03:46 +0000 2017,@233536 We'd recommend reaching out to our iTunes Store team directly for additional help. Click here to get started with them: https://t.co/SDIe7UiyJN
G067,I got an one saying someone paid $400 for a yoga subscription on my apple acct. when I went to log in it said my acct was locked and asked for my social security number too. had to change my password bc I already put my login in :-( it looks just like,subscription,ESCALATE,Address subscription settings/cancellation without making unsupported billing promises.,486268,501504,Fri Dec 01 19:15:13 +0000 2017,@234819 This article may help: https://t.co/ufbG3Gx5bq You can reach out with questions here: https://t.co/UJm15vmMM2
G068,"I’ve never been able to figure out how to set all my family members up on our Apple Music family subscription without their song likes, plays and library additions showing up on my profile (which is the master account). Any detailed instructions anywhere on this?",subscription,AUTO-HANDLE,Address subscription settings/cancellation without making unsupported billing promises.,505071,505069,Fri Dec 01 20:29:47 +0000 2017,@235792 We'd like to help out the best way we can with your family's subscription to Apple Music and your library. Does their additions and songs appear on only one device or multiple? How many family members do you have on the account? Do these appear from all members?
G069,@115858 where is all my music that was in my library? and why do i have to renew my subscription?,subscription,ESCALATE,Address subscription settings/cancellation and avoid unsupported billing claims.,39623,39622,Wed Nov 01 14:30:05 +0000 2017,"@124666 We're here to help! To get us started, may we get the device we're working with and the OS version?"
G070,how do u cancel subscriptions that come out every month x,subscription,AUTO-HANDLE,Address subscription settings/cancellation without making unsupported billing promises.,1535710,1535709,Fri Nov 03 20:03:46 +0000 2017,@476180 We can help out with this. Check this article for all the info: https://t.co/YKDbvueXrq
G071,does apple music not offer $9.99 subscription plans anymore? not tryna pay $15 a month .. 😒,subscription,AUTO-HANDLE,Address subscription settings/cancellation without making unsupported billing promises.,2207576,2207574,Fri Nov 10 01:07:48 +0000 2017,"@645417 We're happy to explore options with you. So we can ensure we're offering accurate info, let us know what country you're located in, and whether your part of a Family Sharing group. You can also view current plans and pricing here: https://t.co/ECpoAofZJ7"
G072,hey guys how do I cancel my subscription?,subscription,AUTO-HANDLE,Address subscription settings/cancellation without making unsupported billing promises.,2274280,2274278,Fri Nov 10 23:27:17 +0000 2017,@486293 We're here for you. Check out this article to cancel a subscription: https://t.co/vyd19gEs6v
G073,"if I receive a 3 months Apple Music gift card ($30), would I be able to use it on a student subscription and get 6 months?",subscription,AUTO-HANDLE,Address subscription settings/cancellation without making unsupported billing promises.,2592244,2592242,Fri Nov 17 01:03:39 +0000 2017,"@238205 Great Question! We're more than happy to provide some insight. Since you're already an Apple Music Member, the gift card will extend the date of your renewal. Take a look here: https://t.co/7K9t63djVB"
G074,"Hi Apple, is there a way to reverse an accidental in-app subscription TouchID confirmation? I made a mistake please help!!!",subscription,AUTO-HANDLE,Address subscription settings/cancellation without making unsupported billing promises.,2616642,2616641,Fri Nov 17 06:45:23 +0000 2017,@739572 We're here to assist. You may be able to resolve your issue here: https://t.co/tlZYM6JMKL
G075,"i need some help. I registered for Apple Music, Subscription got deducted but still its not working. Need help.",subscription,ESCALATE,Address subscription settings/cancellation without making unsupported billing promises.,2621195,2621194,Fri Nov 17 13:23:32 +0000 2017,"@740631 Let's help get your Apple Music account up and running. Tell us more about what happens when you try to access Apple Music features. Also, which device are you using?"
G076,Trying to renewal my apple music account but its not taking my card!!,subscription,AUTO-HANDLE,Address subscription settings/cancellation without making unsupported billing promises.,2631488,2631487,Fri Nov 17 17:22:23 +0000 2017,@594066 Please reach out to our iTunes billing Support here: https://t.co/SDIe7UiyJN
G077,apple music has jammed and won't work. Pointless paying a subscription for something I can't even use. I think I'll be returning to . #iphone #music,subscription,AUTO-HANDLE,Address subscription settings/cancellation without making unsupported billing promises.,2641047,2641045,Fri Nov 17 19:05:35 +0000 2017,@168624 We'd like to help. What's happening when you try to use the Music app on your iPhone? https://t.co/GDrqU22YpT
G078,I can't even cancel my subscription and leave because the app is non responsive. Over 2 years of and never had a problem. Why oh why did I think it was a good idea to try apple music 🙄,subscription,AUTO-HANDLE,Address subscription settings/cancellation without making unsupported billing promises.,2641043,2641040,Fri Nov 17 20:59:54 +0000 2017,"@168624 Got it, that sounds like something we can help you fix. Can you tell us what iOS version you have installed? To check, go to Settings &gt; General &gt; About."
G079,"Am finding it impossible to cancel my subscription, it is stuck in a loop, can you PM me please? Thanks",subscription,AUTO-HANDLE,Address subscription settings/cancellation without making unsupported billing promises.,148191,148190,Fri Nov 24 11:20:58 +0000 2017,@149711 We're happy to point you in the right direction for assistance with your Subscription. Our iTunes Support team would be the best option to help with this. You can reach out to them directly at https://t.co/SDIe7UiyJN.
G080,I cancelled my Apple Music subscription before the free trial ended and you’ve been charging me for the past 3 months! 😡 Fuck you.,subscription,AUTO-HANDLE,Address subscription settings/cancellation without making unsupported billing promises.,151442,151441,Fri Nov 24 14:34:26 +0000 2017,@150583 We'd recommend reaching out to our iTunes Store team for assistance with this: https://t.co/SDIe7UiyJN
G081,"#iPhone #ios11 life, phone crashes 4 times daily and drops off the network, #wifi turns off but not off🤪",connectivity,ESCALATE,Address the connection symptom with a relevant troubleshooting step.,457225,457223,Fri Dec 01 00:18:09 +0000 2017,@223559 We can help out. Are you seeing this issue with any specific apps or usage? Do you do anything to restore function?
G082,"any thoughts on why podcasts pause every time I lock my phone? (11.1.2, IPhone X, playing through Bluetooth) Happens no matter what app I’m in when i lock the phone. Hit play on lock screen and starts back up and plays fine.",connectivity,AUTO-HANDLE,Address the connection symptom with a relevant troubleshooting step.,458443,458442,Fri Dec 01 00:26:27 +0000 2017,@223873 Thanks for reaching out to us for support. We would love to help you. Please DM us so that we can look into this together. https://t.co/GDrqU22YpT
G083,"how come EVERY time i update my iphone now, i now have no service for up to an hour afterward?????????????????????????",connectivity,AUTO-HANDLE,Address the connection symptom with a relevant troubleshooting step.,458426,458424,Fri Dec 01 00:40:43 +0000 2017,"@223867 That's not the experience we want you to have, and we'll do all we can to help. When did you last update, and what iOS version are you currently on? Do you recall doing anything specifically that restored service to your iPhone, such as restarting your device?"
G084,thanks to ur senior developers I am stranded in Thailand without cellular access on my iPhoneX 😡🤬😩😤 case 100365239355 they erroneously transferred my # back to my 7... IN THE STATES!!,connectivity,AUTO-HANDLE,Address the connection symptom with a relevant troubleshooting step.,465492,465490,Fri Dec 01 04:05:22 +0000 2017,"@225740 We know how important it is to have access to your iPhone, and we want to offer guidance on the best path forward. Meet us in DM where we can discuss the trouble you're running into further. https://t.co/GDrqU22YpT"
G085,I am no techie but ever since I updated my Mac OS to #HighSierra it does not connect to my Wifi. Anyone else? It takes lots of restarting &amp; rubbing my tummy while patting my head. CC: for awareness.,connectivity,AUTO-HANDLE,Address the connection symptom with a relevant troubleshooting step.,481835,481834,Fri Dec 01 05:16:16 +0000 2017,@229528 Being able to connect to Wi-Fi is essential to using your device and we're happy to look into this with you. We'd like to start by having you check out https://t.co/zlgjExQD2d for tips. Keep us posted on how it goes.
G086,"Forgot how insanely frustrating #iphone is when it comes to transferring files from PC to the phone: YOU CAN’T! No WiFi, no Bluetooth, no tethering means I have to upload via cell—but alas I cannot. Deadline blown.",connectivity,AUTO-HANDLE,Address the connection symptom with a relevant troubleshooting step.,481853,481852,Fri Dec 01 05:19:36 +0000 2017,"@229537 We'd like to help offer some ways to get those files moved. Can you let us know, in DM, which type of files we're working with? https://t.co/GDrqU22YpT"
G087,The only Bluetooth device I have connected to it is my MacBook Pro which has Bluetooth on but I rarely ever use features requiring Bluetooth transmission between the two,connectivity,AUTO-HANDLE,Address the connection symptom with a relevant troubleshooting step.,463074,463076,Fri Dec 01 06:19:59 +0000 2017,@225055 Got it. What country do you live? Let's continue in DM please. https://t.co/GDrqU22YpT
G088,@AppleSupport still no reliable Bluetooth on my iPhone 8+.,connectivity,ESCALATE,Give a relevant connectivity troubleshooting step and avoid requesting sensitive details.,2642,2641,Tue Oct 31 22:44:01 +0000 2017,@116341 Thanks for reaching out. DM which Bluetooth device you are trying to connect to so we can help. https://t.co/GDrqU22YpT
G089,Why does my iPhone's Bluetooth turn itself on every day at 5 AM Eastern Time (my time zone)?,connectivity,AUTO-HANDLE,Address the connection symptom with a relevant troubleshooting step.,484470,484469,Fri Dec 01 10:01:31 +0000 2017,@230282 We are here to help. Are you turning Bluetooth off from the Control Center or the Settings menu?
G090,"Why is iOS11 still stupid even after 3 updates!!, its so frustrating, still apps are lagging and most importantly, why does WIFI AUTOMATICALLY KEEP TURNING ON AND ON BY ITSELF!!",connectivity,ESCALATE,Address the connection symptom with a relevant troubleshooting step.,486190,486189,Fri Dec 01 11:52:33 +0000 2017,"@230671 We’d like to help, and perhaps ease some of your frustration. Are you turning off Wi-Fi from the Control Center or Settings? Which device are you using? Please reply in DM. https://t.co/GDrqU22YpT"
G091,", when the fuck are you going to really fix ios11? i have problem with the wifi, gps, and lot more! i cant believe you released a total garbage to the consumer!",connectivity,AUTO-HANDLE,Address the connection symptom with a relevant troubleshooting step.,486188,486187,Fri Dec 01 12:29:25 +0000 2017,@230670 Hi. We're here to help you. Tell us more about the issues you're having with your Wi-Fi in DM and we'll take a closer look. https://t.co/GDrqU22YpT
G092,iOS 11 turns the wifi on even when I’d turn it off! Very annoying!!,connectivity,AUTO-HANDLE,Address the connection symptom with a relevant troubleshooting step.,486089,486088,Fri Dec 01 12:59:51 +0000 2017,@230639 We can help out. Are you turning the Wi-Fi on and off from the Control Center? That sounds like normal behavior. This article gives more information: https://t.co/vzVz37YMv0
G093,If I have wifi enabled on my iMac running latest MacOS it keeps waking my USB hard drives during sleep every 30-60 sec or so. Disabling wifi and only keep wired connection fixes it. Seem like a bug and not a feature :) Fix?,connectivity,ESCALATE,Address the connection symptom with a relevant troubleshooting step.,488074,488073,Fri Dec 01 13:04:31 +0000 2017,@123502 Hi there! We'd like to check a few settings so we can narrow this down. Would you mind sending us a DM? https://t.co/GDrqU22YpT
G094,"Yo Apple, I would really appreciate it if y’all could find out what’s wrong with the Bluetooth connection because I’m trying to workout and my Wireless Beats lose the connection every few seconds.",connectivity,AUTO-HANDLE,Address the connection symptom with a relevant troubleshooting step.,487929,487928,Fri Dec 01 14:27:07 +0000 2017,"@231138 We'd love to help with this! Is your iPhone up to date? Are your Beats up to date? If you restart both devices, does that help? Is your iPhone able to connect to other Bluetooth devices? Let us know in DM and we'll get started. https://t.co/GDrqU22YpT"
G095,"All over. I upgraded from the 6s and downloads, web browsing, etc all feel slower over cellular. Verizon in Lexington KY btw.",connectivity,AUTO-HANDLE,Address the connection symptom with a relevant troubleshooting step.,486159,486161,Fri Dec 01 15:39:48 +0000 2017,@230660 Have you reached out to your carrier about this to make sure there is no network issues affecting your cellular data connection? Which iOS version is your iPhone using in Settings &gt; General &gt; About?
G096,It happens when i do anything on my device and even when I’m connected to Wi-Fi.,connectivity,AUTO-HANDLE,Address the connection symptom with a relevant troubleshooting step.,481753,481754,Fri Dec 01 15:57:57 +0000 2017,"@229507 Alright, We'd like to take a deeper look into this with you. DM us and we'll get started there. https://t.co/GDrqU22YpT"
G097,It is ok I think now thank you I just can’t get any apps to download but I think that’s to do with my lack of WiFi connection. I got there in the end sorry to be a bother,connectivity,AUTO-HANDLE,Address the connection symptom with a relevant troubleshooting step.,449533,449534,Fri Dec 01 15:58:19 +0000 2017,"@221536 Glad to hear! If you have questions in the future, send us a DM by clicking on the link below. https://t.co/GDrqU22YpT"
G098,"Hi, Apple! Yes, I’m at the latest iOS. Also, auto updates are turned on, but not on cellular data. And yes, I’m plugged in and connected to my home WiFi.",connectivity,AUTO-HANDLE,Address the connection symptom with a relevant troubleshooting step.,487857,487859,Fri Dec 01 16:21:33 +0000 2017,"@221785 Auto updates will happen if the conditions you already described are present with a couple of caveats. They happen between 2 and 4 AM and the device has to be plugged in, connected to Wi-Fi and locked at that time. Are those condition present as well? Hit us in DM. https://t.co/GDrqU22YpT"
G099,Thanks! I'm trying to update in my phone connected to wifi and it keeps saying error.,connectivity,ESCALATE,Address the connection symptom with a relevant troubleshooting step.,489689,489691,Fri Dec 01 16:50:14 +0000 2017,@231631 Thank you. Does this happen on multiple Wi-Fi networks? How much space is available on the device (Settings &gt; General &gt; About)? Is the error coming up when attempting to download the update or install the update? Respond in DM. We'll continue there. https://t.co/GDrqU22YpT
G100,This occurs on both cellular and Wi-fi networks.,connectivity,AUTO-HANDLE,Address the connection symptom with a relevant troubleshooting step.,481770,481771,Fri Dec 01 16:56:58 +0000 2017,@229510 Thanks for clarifying this for us. Go ahead and send us a DM so we can investigate this further with you. https://t.co/GDrqU22YpT
G101,you suck! I requested to have someone to call me and hang up on me due to insufficient time through a videophone! Several times - epic failed!,messages_calls,ESCALATE,Address the messaging/call symptom with a concrete troubleshooting step.,457218,457216,Fri Dec 01 00:14:28 +0000 2017,@223556 That’s not the experience we’d like you to have. Please let us know all the details you can in a Direct Message so we can get to the bottom of this as soon as possible! https://t.co/GDrqU22YpT
G102,iMessage SUCKS. Constantly having issues with it and IOS 11 but is too busy fixing their bugs with the iPhone X (aka the rich people),messages_calls,AUTO-HANDLE,Address the messaging/call symptom with a concrete troubleshooting step.,457170,457169,Fri Dec 01 00:32:00 +0000 2017,@223543 We'd like to help find the best solution for issues you are having. DM us what iOS 11 version you're on. https://t.co/GDrqU22YpT
G103,hi I’m having a problem with FaceTime it keeps hanging up for no reason,messages_calls,ESCALATE,Address the messaging/call symptom with a concrete troubleshooting step.,459558,459556,Fri Dec 01 01:24:15 +0000 2017,"@224174 Help is on the way. When you say that FaceTime is hanging up, is the app closing out by itself or is the FaceTime call dropping? Is this an audio call or video call? Also, which iOS version are you running? The answers to these questions will help us get started."
G104,I went to send a message &amp; I notice my text thread was missing. So I powered my phone down &amp; all messages were gone,messages_calls,AUTO-HANDLE,Address the messaging/call symptom with a concrete troubleshooting step.,460873,460872,Fri Dec 01 01:51:14 +0000 2017,"@224491 Got it. So initially one thread was missing and after restarting they all went missing, correct? What the iOS version on your device? Please send us a DM. You can connect from the link below. https://t.co/GDrqU22YpT"
G105,"iMessage isn’t working for me and 5 other people. Also, I’m not getting any notifications. I’ve restarted my phone multiple times. I’m using the iPhone 7.",messages_calls,AUTO-HANDLE,Address the messaging/call symptom with a concrete troubleshooting step.,460858,460857,Fri Dec 01 01:56:55 +0000 2017,"@224485 Thanks for reaching out to us today. We’ve received your DM, and will continue working from there. Be on the lookout for our response."
G106,got the new 8 and 3 weeks later still sometimes not receiving messages. Is there an issue with OS11???,messages_calls,ESCALATE,Address the messaging/call symptom with a concrete troubleshooting step.,462058,462056,Fri Dec 01 02:10:38 +0000 2017,"@224809 Let's look into this together! Are you not receiving any messages at all? Are these in the Messages app, or another program? Also, which version of iOS 11 are you using?"
G107,Why when I block someone on iMessage on my phone the messages still go through to my computer fix that for me.,messages_calls,ESCALATE,Address the messaging/call symptom with a concrete troubleshooting step.,461999,461998,Fri Dec 01 02:23:34 +0000 2017,"@224789 We can check out what's going on with your messages. Tell us in DM whether you're signed in with the same Apple ID on both devices. Also, do you have the other person's email address, as well as their phone number, in Contacts? https://t.co/GDrqU22YpT"
G108,Cannot send an iMessage from my iMac. Happened suddenly worked earlier today,messages_calls,AUTO-HANDLE,Address the messaging/call symptom with a concrete troubleshooting step.,461989,461987,Fri Dec 01 02:28:25 +0000 2017,@224786 Can you tell us what is happening specifically when trying to send an iMessage? Does it give an error message?
G109,sooo um my phone says FaceTime is an app on my phone but it’s not .. what do it do?,messages_calls,AUTO-HANDLE,Address the messaging/call symptom with a concrete troubleshooting step.,463961,463960,Fri Dec 01 03:06:16 +0000 2017,@225310 We'd like to help with this. Could you please send us a DM with what country you're located in so we can get started? https://t.co/GDrqU22YpT
G110,my iMessage isn’t working but ill switch to Android bc I’m smarter than u think I know u want me to upgrade !!!,messages_calls,AUTO-HANDLE,Address the messaging/call symptom with a concrete troubleshooting step.,464717,464716,Fri Dec 01 03:49:13 +0000 2017,"@225525 Hey there. What's happening when you try to send an iMessage? Please DM with the details, we'd love to help get your iMessage's sending again. https://t.co/GDrqU22YpT"
G111,There is a really bad text message bug on Apple. Anyone else noticing messages never going through or going through as a text in green but being received as an iMessage on the other side. what happened ?? 😭,messages_calls,AUTO-HANDLE,Address the messaging/call symptom with a concrete troubleshooting step.,479429,479428,Fri Dec 01 04:22:04 +0000 2017,@228940 Hey there. We'd like to look into this with you. Send us a DM and tell us more. We'll help you there. https://t.co/GDrqU22YpT
G112,"with every update, my phone keeps getting slower &amp; slower. I receive iMessages 10 minutes late. Come on, maaaaaan.",messages_calls,ESCALATE,Address the messaging/call symptom with a concrete troubleshooting step.,481807,481806,Fri Dec 01 05:28:29 +0000 2017,"@229520 Having your iPhone working great so you can enjoy the features provided in our updates, is our goal. Please tell us more about these issues you're experiencing in DM. We'll be happy to help."
G113,why don’t have i have contact pics in my imessage? this is mad annoying tf,messages_calls,AUTO-HANDLE,Address the messaging/call symptom with a concrete troubleshooting step.,483201,483200,Fri Dec 01 07:42:14 +0000 2017,"@214872 We love being able to see a picture of who we're texting as well so we'd love to help with this. Are you able to see their picture in the Contacts app, or in the Contact tab of the Phone app? When did this start? Let us know in DM. https://t.co/GDrqU22YpT"
G114,I swear my iPhone 8 Plus is the worst calling phone I’ve ever had. Drops call so much I think I’d get better service with a telegraphy,messages_calls,AUTO-HANDLE,Address the messaging/call symptom with a concrete troubleshooting step.,486278,486276,Fri Dec 01 10:57:59 +0000 2017,@230696 We understand how important it is to be able to rely on your device for phone calls. We're happy to look into the issue with you. What version of iOS is on your 8 Plus? The latest is iOS 11.1.2.
G115,"Could you please advise on how to fix visual voicemail, if resetting network settings doesn’t work?",messages_calls,AUTO-HANDLE,Address the messaging/call symptom with a concrete troubleshooting step.,486206,486205,Fri Dec 01 12:04:38 +0000 2017,@230675 We'd like to help you with your Visual Voicemail. Let's start by having you tell us which iPhone and iOS version you are using under Settings &gt; General &gt; About. Are you also unable to call into your normal Voicemail?
G116,"after updating 11.1.2 phone has gone terribly slow, it freezes, call drops, searching contacts is terribly slow, keyboard gets stuck, apps are restarting - its very disappointing - 😩😩",messages_calls,AUTO-HANDLE,Address the messaging/call symptom with a concrete troubleshooting step.,487969,487968,Fri Dec 01 13:50:05 +0000 2017,@231152 We know how important it is to have your iPhone performing at its best. Let's check out what's happening further together. Please send us a DM telling us which iPhone you have. We's also like to know what apps you're using when the keyboard and apps aren't responding. https://t.co/GDrqU22YpT
G117,Yes I have iOS 11.1.2. The phone hasn’t handle phone calls right since I got it. The buzzing sound durning calls has finally be resolved but I’m still dropping calls like crazy even when I’m in a 5 bar lte zone,messages_calls,ESCALATE,Address the messaging/call symptom with a concrete troubleshooting step.,486277,486279,Fri Dec 01 15:23:08 +0000 2017,@230696 OK. Let's continue the conversation in DM. Which country are you located in? https://t.co/GDrqU22YpT
G118,I don’t know what to think of iOS 11. My 6s acts like it’s ill. Now today while I was talking to the woman who left me a voicemail earlier her voicemail was playing! If this is a ploy to buy a X t’aint gonna work🤪. Please fix these issues or give me back iOS 10,messages_calls,AUTO-HANDLE,Address the messaging/call symptom with a concrete troubleshooting step.,489610,489609,Fri Dec 01 15:38:00 +0000 2017,@231608 That's not the experience we want for you. Send us a DM letting us know which country you are located in to get started. https://t.co/GDrqU22YpT
G119,I use iMessage now through a US based phone # number but will be out of the country using a different number/SIM for a few weeks will I still be able to send and receive through that US #? Or does that US number get removed as one of my aliases if I'm on a new #?,messages_calls,ESCALATE,Address the messaging/call symptom with a concrete troubleshooting step.,493547,493545,Fri Dec 01 15:57:30 +0000 2017,"@232660 Thanks for reaching out. When the SIM changes to a different number, the old number will be removed. You can still be reached using your Apple ID email address as well as the new number. Be sure to make a backup of your iPhone before you change the SIM."
G120,Your latest ios update just cleared out all of my saved voicemail messages. Thanks.,messages_calls,AUTO-HANDLE,Address the messaging/call symptom with a concrete troubleshooting step.,491424,491423,Fri Dec 01 16:25:18 +0000 2017,@232084 Let's help with this. Were your voicemails saved before updating? https://t.co/m7gIHj8vta Do you have a backup of your iPhone in iTunes or iCloud?
G121,"Correct, sometimes when opening an app the phone freezes completely so I have to hit the home button several times and overall the phone is operating slower than expected. I installed the update one day ago, and the Apple provided apps seem to work properly in general",apps_appstore,ESCALATE,Address the app/App Store symptom with a concrete support or troubleshooting step.,457195,457196,Fri Dec 01 00:41:04 +0000 2017,@223285 We appreciate you contacting us about this situation. We always want our customers to have the best experience. Let's hop into DM and get to the bottom of this: https://t.co/GDrqU22YpT
G122,o app store simplesmente sumiu do meu telefone como devo proceder,apps_appstore,AUTO-HANDLE,Address the app/App Store symptom with a concrete support or troubleshooting step.,459565,459564,Fri Dec 01 01:14:39 +0000 2017,"@224176 Since our Twitter support is available in English, get help at https://t.co/IBIY3vMgPj or join https://t.co/pvaOFfPbjt"
G123,No it just loads with the circle and does not download or add to my library. Ive tried to close the app and restart the phone it still wont work,apps_appstore,ESCALATE,Address the app/App Store symptom with a concrete support or troubleshooting step.,460834,460833,Fri Dec 01 01:51:45 +0000 2017,"@224480 If you try to play a song from the Apple Music library, does it play as expected? Are you currently connected to Wi-Fi or cellular? Also, do you have music downloaded to your iPhone for offline play?"
G124,@AppleSupport why is my home sharing not working and how do i fix it,apps_appstore,AUTO-HANDLE,Address the app/App Store symptom with a concrete troubleshooting or support path.,1770,1769,Tue Oct 31 22:07:33 +0000 2017,@116101 We're happy to help. Has Home Sharing worked with these devices before?
G125,whenever I try to open a third party app on my Apple Watch series 3 it always crashes. I’ve tried many apps such as messenger and calculators and the only apps I’ve been able to use are instagram an solitare On my brothers watch a few of the same apps work. any fix?,apps_appstore,ESCALATE,Address the app/App Store symptom with a concrete support or troubleshooting step.,483211,483210,Fri Dec 01 07:29:28 +0000 2017,@229932 We want to be sure that you can access your apps as you'd expect to. We're happy to help! Check out the steps you can take outlined here: https://t.co/fUZ0NRJxcn Let us know how it goes.
G126,fix the fucking iTunes Store. Gotta buy songs twice smh,apps_appstore,AUTO-HANDLE,Address the app/App Store symptom with a concrete support or troubleshooting step.,484598,484597,Fri Dec 01 08:44:22 +0000 2017,"@230322 Our iTunes Store team can help look into the issue you're having with the iTunes Store and having duplicate purchases, You can reach out to them here to get started: https://t.co/SDIe7UiyJN"
G127,Yo yall Fuckin up .. why Is My Music App Crashing It was Just Working everyday yall making me want to switch back to android i never had these problems,apps_appstore,ESCALATE,Address the app/App Store symptom with a concrete support or troubleshooting step.,484501,484500,Fri Dec 01 09:36:52 +0000 2017,@230291 We're here to help. Which version of iOS are you currently running? Tap Settings &gt; General &gt; About to find the version number.
G128,Please find below receipt of purchase and the screenshot from iTunes Store asking for another £7.99 to purchase same film again. Please have my purchase restore immediately,apps_appstore,ESCALATE,Address the app/App Store symptom with a concrete support or troubleshooting step.,486244,486243,Fri Dec 01 10:39:38 +0000 2017,"@230686 We're happy to get you pointed in the right direction. For help with billing and purchases, reach out to our iTunes team here: https://t.co/SDIe7UiyJN"
G129,trying to take a video with my iPhone 6 and it wont stop going to a black screen and the camera app crashes! Same goes for when I take a video in the Messenger app :/,apps_appstore,ESCALATE,Address the app/App Store symptom with a concrete support or troubleshooting step.,486255,486254,Fri Dec 01 10:58:12 +0000 2017,@230688 Having a camera at your fingertips is so important when capturing life's moments. Let's get it working for you again on your iPhone. Which iOS version are we working with? That's in Settings &gt; General &gt; About. You can DM us. https://t.co/GDrqU22YpT
G130,I've been having to restart my phone every time I want to update apps otherwise the app store will show an error. Is this something you are aware of?,apps_appstore,ESCALATE,Address the app/App Store symptom with a concrete support or troubleshooting step.,487896,487894,Fri Dec 01 14:07:37 +0000 2017,"@231128 We appreciate you reaching out and providing us this information. We know how important it is to have your apps up to date on your device. To help us look into this issue, can you provide us the iOS on your device? https://t.co/ZTw54HL4Rm"
G131,"The only way to get the App Store to function properly is to restart my phone, which is a pain in the butt.",apps_appstore,AUTO-HANDLE,Address the app/App Store symptom with a concrete support or troubleshooting step.,487948,487946,Fri Dec 01 14:17:42 +0000 2017,"@231144 That's certainly not what we'd expect you to experience. We'll do all we can to assist. Just to confirm, are you running iOS 11.1.2, our most current version?"
G132,Help me Apple!!!!! Every time I go onto a app the app crashes is there anyway to fix this?,apps_appstore,ESCALATE,Address the app/App Store symptom with a concrete support or troubleshooting step.,489673,489672,Fri Dec 01 15:28:34 +0000 2017,"@231625 We'd love to help. Can you DM us your complete software version from Settings &gt; General &gt; About, next to version? https://t.co/GDrqU22YpT"
G133,can you fix the music app so it doesn’t play the same songs every time i click shuffle,apps_appstore,AUTO-HANDLE,Address the app/App Store symptom with a concrete support or troubleshooting step.,489667,489666,Fri Dec 01 15:31:10 +0000 2017,@231623 We'd like to help. What device are you using with the Music app and what software version is it running?
G134,"ain’t shit! And DEFINITELY isn’t shit!! I’ve had my iPhone 7 Plus for mmm..6 months and every app freezes for 10 minutes, can’t shut my phone off like wtf! As SOON as the new phones come out .. BAM 💥 won’t work 😒🤬👊🏾👊🏾",apps_appstore,AUTO-HANDLE,Address the app/App Store symptom with a concrete support or troubleshooting step.,491499,491498,Fri Dec 01 16:06:05 +0000 2017,@__ABerg__ That is certainly not the experience we want you to have. Which iOS version is your phone currently running?
G135,your new update sucks! It keeps crashing and the alarm app doesn’t work anymore. Ended up being extremely late for work because of your update.,apps_appstore,ESCALATE,Address the app/App Store symptom with a concrete support or troubleshooting step.,491456,491455,Fri Dec 01 16:21:16 +0000 2017,@232095 We want your Clock and Alarms to work for you. Make a new alarm 5 minutes out and see if it works as expected. DM us the results and we'll work with you there. https://t.co/GDrqU22YpT
G136,"@AppleSupport I just get a white screen and nothing loads. After a short time, it just closes/crashes. Thanks for the reply.",apps_appstore,ESCALATE,Address the app/App Store symptom with a concrete troubleshooting or support path.,1773,1771,Tue Oct 31 22:23:40 +0000 2017,@116102 Which model do you have and is iOS 11.1 installed on it? Any steps tried so far?
G137,I can take a screenshot next time I have an update available but something along these lines “App Store not working/available at the moment”,apps_appstore,AUTO-HANDLE,Address the app/App Store symptom with a concrete support or troubleshooting step.,487898,487899,Fri Dec 01 17:09:56 +0000 2017,"@231128 Got it. Have you noticed a pattern? For example, does this happen while connected to Wi-Fi or cellular data? Does this happen in multiple different locations?"
G138,I’m using an iPhone 7 and the music app won’t open,apps_appstore,AUTO-HANDLE,Address the app/App Store symptom with a concrete support or troubleshooting step.,489628,489630,Fri Dec 01 17:18:24 +0000 2017,"@231613 To clarify, does it quit right away or does nothing happen at all when you tap on it? Also, have you tried restarting your iPhone and trying again?"
G139,"Hi Apple, I have already restarted my device multiple time. Usually I’m using and app and while using it, it randomly freezes, so I try to exit and nothing responds, I also press the off button and the screens go semi black but u can still see the frozen faint background.",apps_appstore,ESCALATE,Address the app/App Store symptom with a concrete support or troubleshooting step.,483191,483193,Fri Dec 01 17:36:10 +0000 2017,@229926 Thank you. Let's go into DM so we can work on getting your iPhone back up to speed together. https://t.co/GDrqU22YpT
G140,Every time I open an app it takes like 10 minutes to open and everything keeps crashing c’mon sort it out pls😤😤😤,apps_appstore,ESCALATE,Address the app/App Store symptom with a concrete support or troubleshooting step.,500071,500069,Fri Dec 01 18:52:54 +0000 2017,"@234447 We can help! Just to clarify, is this happening with all of your apps, or just certain ones? Also, which device and iOS version are you using? Those details will be helpful in planning out our next steps."
G141,please do something with the ios 11 battery drain. I need to keep the phone plugged just to use it. WHAT THE HELL HAVE YOU DONE!!!,battery_charging,ESCALATE,Address the battery/charging symptom with a concrete safe troubleshooting step.,457183,457182,Fri Dec 01 00:35:36 +0000 2017,@223547 We'd be happy to see how we can help with that battery drain. DM us which iPhone and iOS 11 version you're using and we'll continue there. You can find the version by going to Settings &gt; General &gt; About &gt; Version. https://t.co/GDrqU22YpT
G142,Excellent work . My 6s goes from 40% battery to dead in the space of 30 seconds costing me uber fares who can’t find me and cab fare to get home. #apple #6s #batterylife #nobattery,battery_charging,AUTO-HANDLE,Address the battery/charging symptom with a concrete safe troubleshooting step.,458429,458428,Fri Dec 01 00:43:33 +0000 2017,@223868 We certainly want you to get the most out of your device and are here to assist you. Can you tell us when you first noticed this issue?
G143,do charging cables have warranty? (The one that came with the phone),battery_charging,AUTO-HANDLE,Address the battery/charging symptom with a concrete safe troubleshooting step.,459562,459560,Fri Dec 01 01:26:12 +0000 2017,@224175 Great question. The Apple Limited Warranty covers your product and Apple-branded accessories against manufacturing defects for one year from the date you bought them. Are you having an issue with your iPhone charger?
G144,"Yes, since this morning when I plug my phone it charges for a second and then stops for another second and charges for a second again and so on. But then I unplug it and plug it again a couple of times and it starts charging normally!",battery_charging,ESCALATE,Address the battery/charging symptom with a concrete safe troubleshooting step.,459561,459563,Fri Dec 01 01:32:40 +0000 2017,"@224175 Okay. Are you able to test the charger with another device, or do you have another charger to connect your iPhone to? DM us your response here: https://t.co/GDrqU22YpT"
G145,"Hey , I'm getting real tired of charging my phone 4 times a day.",battery_charging,AUTO-HANDLE,Address the battery/charging symptom with a concrete safe troubleshooting step.,1163594,1163593,Fri Dec 01 01:39:25 +0000 2017,@393717 Let's look into your iPhone charging issues. Which version of iOS are you running in Settings &gt; General &gt; About?
G146,"Why is there no tap rewind/forward 15 seconds for podcast playing on lock screen? I used to be able to on previous iPhones/iOS, but with X I can’t. I don’t want to waste battery by keeping the screen active to be able to use the 15 sec rewind/forward when needed.",battery_charging,ESCALATE,Address the battery/charging symptom with a concrete safe troubleshooting step.,462052,462050,Fri Dec 01 02:05:25 +0000 2017,"@224808 We expect you to see options to rewind or fast-forward to the left and right of the Pause/Play button. You can also use Siri to skip forward or back. If the options aren't appearing, power your iPhone off, than on again. Let us know if there's any change."
G147,got the new iPhone X. Charging it and it get really hot. Not using s Fast Charger just the regular one. Is this normal?,battery_charging,AUTO-HANDLE,Address the battery/charging symptom with a concrete safe troubleshooting step.,462019,462018,Fri Dec 01 02:23:07 +0000 2017,@224796 We’d like to figure out why this is happening too. Was this your first time charging this iPhone? DM us and let us know. https://t.co/GDrqU22YpT
G148,"Hi. running 10.13.1 MacBook Pro Retina Early 2012. Tried re-start. The battery indicator won't change unless I switch ""show batter percentage"" on and off BTW, this was a clean install, not upgrade...",battery_charging,AUTO-HANDLE,Address the battery/charging symptom with a concrete safe troubleshooting step.,96959,96961,Fri Dec 01 02:36:56 +0000 2017,@137160 We would be glad to help. Does this occur each time you use your Mac? What happens if you restart your Mac?
G149,"Update: didn't use a charger today, still happened, perhaps slightly less often. I hold it carefully so my hands don't touch the screen edges, I don't have a case, locking/unlocking sometimes seems to help but mostly does nothing. No discernable pattern still. ? :(",battery_charging,ESCALATE,Address the battery/charging symptom with a concrete safe troubleshooting step.,463075,463073,Fri Dec 01 02:50:24 +0000 2017,@225055 Do you have any Bluetooth items connected to the iPhone X? Please DM us and let us know. We'll be happy to further review this for you. https://t.co/GDrqU22YpT
G150,I Bought the iPhone X Today &amp; My Phone Won’t Charge Pass 4%. Had it On the Charger For 2 Hours,battery_charging,AUTO-HANDLE,Address the battery/charging symptom with a concrete safe troubleshooting step.,463943,463942,Fri Dec 01 02:57:31 +0000 2017,@225304 This is not how we'd like your experience to be with your brand new iPhone X. Have you restarted your iPhone since noticing the battery not charging? To restart your iOS device: https://t.co/JWOTqcWcbG
G151,Hey and #iPhone what is up with the battery life of older phones after updating? #iwantmybatterylifeback,battery_charging,AUTO-HANDLE,Address the battery/charging symptom with a concrete safe troubleshooting step.,463949,463948,Fri Dec 01 03:16:49 +0000 2017,"@225307 We’d love to help with your battery. To start, please send us a DM letting us know the exact iOS found in Settings &gt; General &gt; About. https://t.co/GDrqU22YpT"
G152,I believe iOS 11.1.2 has battery problem. need your help.,battery_charging,AUTO-HANDLE,Address the battery/charging symptom with a concrete safe troubleshooting step.,464719,464718,Fri Dec 01 03:36:41 +0000 2017,@225526 We'll be happy to assist. DM us more about what you're experiencing and we'll do everything we can. https://t.co/GDrqU22YpT
G153,@AppleSupport I need the software update urgently. The battery lasts literally half a day 🙍🏼🙁@AppleSupport,battery_charging,AUTO-HANDLE,Address the battery/charging symptom with a concrete safe troubleshooting step.,745,744,Tue Oct 31 22:00:34 +0000 2017,@115865 Hi there! What type of device are we working with?
G154,hey why does my phone say its charging when i click the power button but wont turn on ??? also the charging port smells burnt,battery_charging,AUTO-HANDLE,Address the battery/charging symptom with a concrete safe troubleshooting step.,481857,481856,Fri Dec 01 05:06:12 +0000 2017,@229539 We're glad you reached out. DM us and let us know when this began and we'll go from there. https://t.co/GDrqU22YpT
G155,The charging port on my macbook just started smoking. Happy finals week! 🍎💻,battery_charging,AUTO-HANDLE,Address the battery/charging symptom with a concrete safe troubleshooting step.,481817,481816,Fri Dec 01 05:25:47 +0000 2017,@229524 We're here for you. Let's click here to join us in DM and we'll continue there: https://t.co/GDrqU22YpT
G156,"11.1.1 destroyed battery life on my 6s and 11.1.2 is no better. I am stare at my phone, no apps open and watch it drop. Pls fix!",battery_charging,AUTO-HANDLE,Address the battery/charging symptom with a concrete safe troubleshooting step.,481841,481840,Fri Dec 01 05:30:40 +0000 2017,"@229530 Great battery life from your iPhone is important, and we want to get to the bottom of what's happening here. Could you join us in DM with more info on what you're experiencing? https://t.co/GDrqU22YpT"
G157,"Does anyone else’s iPhone get super duper hot when charging? Should I be worried? I mean, I don’t want to wake up in a fiery bed full of flames.. 🔥📱🔥 #iPhoneSE",battery_charging,AUTO-HANDLE,Address the battery/charging symptom with a concrete safe troubleshooting step.,483237,483236,Fri Dec 01 06:46:50 +0000 2017,@229941 We'd like to look into this with you. DM us and we'll continue there. https://t.co/GDrqU22YpT
G158,Do you hate #iOS11 as much as I do? Shorter battery life and slower phone than ever. Plus for the first time ever it freezes. get your act together. Already flirting with Samsung due to iOS 11... #ios11sucks,battery_charging,AUTO-HANDLE,Address the battery/charging symptom with a concrete safe troubleshooting step.,483227,483226,Fri Dec 01 07:31:07 +0000 2017,@229938 We'd love the opportunity to work with you today in hopes of getting your iPhone running much smoother. Meet up with us in DM to get started. Click the link below and send us a message with your current iPhone model and iOS 11 version under Settings &gt; General &gt; About. https://t.co/GDrqU22YpT
G159,My phone really just died ON THE CHARGER!,battery_charging,AUTO-HANDLE,Address the battery/charging symptom with a concrete safe troubleshooting step.,483218,483216,Fri Dec 01 07:33:20 +0000 2017,"@229935 Let's look into this together. To get started, did the device power off although there was still battery life remaining? If so, how much battery life was remaining when it powered off?"
G160,"Can’t wait till August to leave 2 months 3 updates and still can’t open apps, resetting 3 times a day can’t make call, turns itself off, no battery life. £50 a month for what!?",battery_charging,ESCALATE,Address the battery/charging symptom with a concrete safe troubleshooting step.,483189,483188,Fri Dec 01 07:44:19 +0000 2017,@229925 We don't like to hear your iPhone is struggling and we'll be happy to help look into this. Let's chat over in Direct Message. https://t.co/GDrqU22YpT
G161,"After the update of 11/25 my device got stuck on the apple screen and will not come back, I called the support and together we tried to restore the iPhone that did not come back so now they are telling me that I have to pay R$1600.00 to change the device being a software problem?",software_update,AUTO-HANDLE,Tie the response to the reported OS/update behavior without inventing facts.,448347,448348,Fri Dec 01 00:02:01 +0000 2017,"@__DividI__ We want to help you look into this. Go ahead and DM us, we'll continue working there: https://t.co/GDrqU22YpT"
G162,Just updated the software of my iPhone 6s to the new iOS 11.1.2 and is pure rubbish! the phone keeps crashing the whole time... I just created my first Twitter account to complain - any solution?,software_update,ESCALATE,Tie the response to the reported OS/update behavior without inventing facts.,456108,456107,Fri Dec 01 00:07:37 +0000 2017,"@223285 We appreciate you joining us here, and are happy to help today. Can you tell us what you see when the iPhone crashes? Are you in a specific app when it happens? How long does the iPhone work between crashes?"
G163,"Hey @AppleSupport and anyone else who upgraded to ios11.1, are y’all having issues with capital “I️” in the Mail app? As it puts in “A”?",software_update,AUTO-HANDLE,Tie the answer to the reported update/OS behavior without inventing version-specific facts.,714,712,Tue Oct 31 22:19:32 +0000 2017,"@115856 Hey, let's work together to figure out what's going on. Meet us in DM and we'll continue from there. https://t.co/GDrqU22YpT"
G164,- Can you please either A) sort out #ios11 or B) replace my iPhone 7+ now that your new operating system as rendered it completely useless? All your users are complaining but no action from your end. You messed up with a buggy update at least fix it.,software_update,AUTO-HANDLE,Tie the response to the reported OS/update behavior without inventing facts.,457222,457220,Fri Dec 01 00:21:28 +0000 2017,@223557 We appreciate you contacting us about this situation. We always want our customers to have the best experience. Let's hop into DM and get to the bottom of this: https://t.co/GDrqU22YpT
G165,After update #ios1103 no spotify on my lock screen?@AppleSupport,software_update,AUTO-HANDLE,Tie the answer to the reported update/OS behavior without inventing version-specific facts.,765,764,Tue Oct 31 18:20:46 +0000 2017,@115870 Thanks for reaching out to us. Are you experiencing the missing app after restating your device?
G166,"@AppleSupport iPhone 6, yes ios11. Checked for updates, none available. I’ve swiped up to close the app several times and I’ve restarted it 2x",software_update,AUTO-HANDLE,Tie the answer to the reported update/OS behavior without inventing version-specific facts.,1772,1774,Tue Oct 31 22:39:21 +0000 2017,"@116102 To make sure, is iOS 11.1 showing here: Settings &gt; General &gt; About &gt; Version? Please DM us the answer here: https://t.co/GDrqU22YpT"
G167,"@AppleSupport Yes, after the update. I Phone 7",software_update,AUTO-HANDLE,Tie the answer to the reported update/OS behavior without inventing version-specific facts.,2615,2617,Tue Oct 31 22:58:31 +0000 2017,@116334 Got it. Does this happen while using any particular App or feature? Let us know via a DM. We’ll keep moving forward from there. https://t.co/GDrqU22YpT
G168,I foolishly updated my iPad as well and seem to be have the same problem...,software_update,AUTO-HANDLE,Tie the response to the reported OS/update behavior without inventing facts.,448364,448366,Fri Dec 01 00:50:53 +0000 2017,@221219 We'd be happy to help you again. Let's meet in DM. https://t.co/GDrqU22YpT
G169,"a atualização do iOS 11.1.2 está péssima , drenando a bateria , travando o celular. Estão perdendo mais um cliente.",software_update,AUTO-HANDLE,Tie the response to the reported OS/update behavior without inventing facts.,458414,458413,Fri Dec 01 00:53:26 +0000 2017,"@223865 Since our Twitter support is available in English, get help at https://t.co/IBIY3vMgPj or join https://t.co/pvaOFfPbjt"
G170,"Yea still the same, I been struggling with it since iOS 11.1 came out",software_update,ESCALATE,Tie the response to the reported OS/update behavior without inventing facts.,455052,455053,Fri Dec 01 00:55:51 +0000 2017,@223018 Understood. Let's force quit the Mail app and let us know if the issue continues. Here's how: https://t.co/RqqIctrDWV
G171,My phone will be at 100% then in less than 30 mins it’s below 70% and it’s down hill from there. iOS 11.1.2,software_update,AUTO-HANDLE,Tie the response to the reported OS/update behavior without inventing facts.,459569,459568,Fri Dec 01 01:19:00 +0000 2017,"@224178 OK, let's take a closer look in DM. Follow up with us there and we'll get started. https://t.co/GDrqU22YpT"
G172,so I'm in The USA. I have a iPhone 6 IOS 11. This is actually the 2nd time all my messages have deleted and before this my phone restarts itself randomly (usually when I'm listening to music).,software_update,AUTO-HANDLE,Tie the response to the reported OS/update behavior without inventing facts.,459543,459542,Fri Dec 01 01:30:57 +0000 2017,@223006 Thanks for those details. Let's continue troubleshooting in Direct Message. You can join us there by clicking the link below. https://t.co/GDrqU22YpT
G173,It’s closing out by itself and it’s a video call and I have the latest version of iOS 11,software_update,AUTO-HANDLE,Tie the response to the reported OS/update behavior without inventing facts.,459557,459559,Fri Dec 01 01:36:03 +0000 2017,@224174 Understood. Is this still happening after a restart? Restarting is great for intermittent issues. When did you first notice this? Let us know the answer to those two questions in DM. https://t.co/GDrqU22YpT
G174,"Another #ios11 bug - search textbox in Settings disappears, and the little “x” (to clear the input) follows as you scroll. This release is a QA disaster.",software_update,AUTO-HANDLE,Tie the response to the reported OS/update behavior without inventing facts.,460861,460860,Fri Dec 01 01:45:03 +0000 2017,"@224486 Let’s investigate this together. Use the link below to join us in DM, and we’ll get started. https://t.co/GDrqU22YpT"
G175,can’t get the update for WatchOS via my iPhone X,software_update,AUTO-HANDLE,Tie the response to the reported OS/update behavior without inventing facts.,460880,460879,Fri Dec 01 01:45:06 +0000 2017,@224493 We certainly want you to be able to update. Have you tried all the steps in this article? https://t.co/t0U2zPHyHB
G176,"I can’t update my software, but if I wait too long to update it, my iPad messes up so I kinda need to, how to I fix this?",software_update,AUTO-HANDLE,Tie the response to the reported OS/update behavior without inventing facts.,460853,460850,Fri Dec 01 01:59:34 +0000 2017,@224484 We're here for you. Tell us what happens while trying to complete the update. Are you receiving an error message?
G177,"has released multiple updates over the last couple months, yet all my apps are still crashing and my phone keeps restarting. I haven’t even had this phone for a year 😤",software_update,ESCALATE,Tie the response to the reported OS/update behavior without inventing facts.,460827,460825,Fri Dec 01 02:01:30 +0000 2017,"@224479 That's certainly not the experience we'd expect you to have. We'll do everything we can to assist. You are running the most current iOS right now, correct? That's version iOS 11.1.2."
G178,My phone has been straight Trash and constantly freezing/apps crashing since this update WTF,software_update,ESCALATE,Tie the response to the reported OS/update behavior without inventing facts.,462043,462042,Fri Dec 01 02:18:15 +0000 2017,@224804 Help is here! Shoot us a DM and we'll be glad to address your concerns and get your iPhone responding fluidly again. Tap here to meet us there: https://t.co/GDrqU22YpT
G179,"aye your new update fucked up my computer, it won't even boot up, and my hard drive is failing, so all the music I made in the past two years is GONE, I'm fucking done making music because of your shitty software",software_update,AUTO-HANDLE,Tie the response to the reported OS/update behavior without inventing facts.,462011,462009,Fri Dec 01 02:18:53 +0000 2017,@224793 We want to help with your Mac. Take a look at this article for help getting your Mac to power on: https://t.co/RqWW0duJ0U
G180,When I updated it to iOS 11 the first time,software_update,AUTO-HANDLE,Tie the response to the reported OS/update behavior without inventing facts.,460829,460830,Fri Dec 01 02:24:46 +0000 2017,@224479 Which model iPhone are you using?
G181,Hey my iPhone 6 screen cracked cause it was so cold! Genuinely! Is their anything I can do about this :(,device_hardware,AUTO-HANDLE,Address the specific hardware symptom without guessing about repair outcomes.,456111,456110,Fri Dec 01 00:08:12 +0000 2017,@223286 Hi there. We'd be happy to look into some options for you. DM us and tell us what country you're located in. https://t.co/GDrqU22YpT
G182,"Installed #highsierra and my late 2011 Mac is not working, it had no issues previously . I got it booted up, after reinstalling High Sierra, then I shut down &amp; it does not work. Here’s what my screen looked like the other day. Any ideas?",device_hardware,AUTO-HANDLE,Address the specific hardware symptom without guessing about repair outcomes.,457200,457198,Fri Dec 01 00:18:07 +0000 2017,@223551 We'd like to take a look at this with you. May we ask what's showing up on your screen right now? Let us know in DM. https://t.co/GDrqU22YpT
G183,My new work phone has had this display for LITERALLY 90 minutes #AFew. Any suggestions,device_hardware,AUTO-HANDLE,Address the specific hardware symptom without guessing about repair outcomes.,457192,457190,Fri Dec 01 00:23:21 +0000 2017,@223550 Let's look into this together. Have you been connected to a stable Wi-Fi while setting up your iPhone?
G184,stupid ass phone still on dark screen lol,device_hardware,ESCALATE,Address the specific hardware symptom without guessing about repair outcomes.,459550,459549,Fri Dec 01 01:28:30 +0000 2017,"@224172 We know how important it is for your iPhone to be available and ready to use, and we'd like to help. Meet us in DM where we can learn more about the behavior you're running into, and work together on a solution. https://t.co/GDrqU22YpT"
G185,and my apps and home screen are constantly freezing,device_hardware,AUTO-HANDLE,Address the specific hardware symptom without guessing about repair outcomes.,462036,462035,Fri Dec 01 02:21:00 +0000 2017,"@224801 We'd love to help. Can you DM us your complete software version from Settings &gt; General &gt; About, next to version? https://t.co/GDrqU22YpT"
G186,7 hours into the latest sierra upgrade and #osx still is on a black screen reporting 19 minutes left. Really wishing I had skipped it.,device_hardware,ESCALATE,Address the specific hardware symptom without guessing about repair outcomes.,463926,463925,Fri Dec 01 03:17:28 +0000 2017,"@225300 We understand the importance of your Mac being available to use, and we're happy to look into this with you. Do you see any other words or graphics on the screen other than the progress indicator?"
G187,why ever since i updated my phone my homebutton doesnt work and touch id and all that hmm,device_hardware,AUTO-HANDLE,Address the specific hardware symptom without guessing about repair outcomes.,464715,464714,Fri Dec 01 03:55:22 +0000 2017,@225524 Thanks for reaching out. We'd like some details to help. Which iPhone model are you having this issue on? Let us know in a DM and we'll continue. https://t.co/GDrqU22YpT
G188,"Thanks for removing display zoom on the iPhone X, . You’ve alienated the people who can afford one. Eyesight fails after 40.",device_hardware,AUTO-HANDLE,Address the specific hardware symptom without guessing about repair outcomes.,481789,481787,Fri Dec 01 05:44:12 +0000 2017,@229515 We appreciate your feedback. You can use the other zoom options under Settings &gt; General Accessibility &gt; Zoom. More information about these settings is here: https://t.co/1RPVaXBzYT Please DM us if you need additional assistance. https://t.co/GDrqU22YpT
G189,Hey #ios11 is a complete dumpster fire. Locks up the screen on my #iphone8plus about once a month #fail,device_hardware,ESCALATE,Address the specific hardware symptom without guessing about repair outcomes.,483272,483270,Fri Dec 01 06:35:28 +0000 2017,@229954 That is certainly not the experience we want you to have. Which version of iOS 11 is running on your phone currently?
G190,just got iphone X yesterday and its stucked. I can’t open the lock screen and not updated even restart it. I have the video let me know how can i send it. #disappointed #iphone X sucks,device_hardware,AUTO-HANDLE,Address the specific hardware symptom without guessing about repair outcomes.,483209,483208,Fri Dec 01 07:11:31 +0000 2017,@229931 Hey there. That's not what should happen with your new iPhone X at all. Let us help get it working as it should. DM the video here &gt; https://t.co/GDrqU22YpT
G191,", it so confusing that the ‘stop’ and ‘snooze/repeat’ buttons are just in wrong positions in either alarm or the timer! See attached screen exhibits!",device_hardware,AUTO-HANDLE,Address the specific hardware symptom without guessing about repair outcomes.,483239,483238,Fri Dec 01 07:21:59 +0000 2017,"@229942 Hey, thanks for reaching out! The best way to have your voice heard about things like this is to leave feedback on our page: https://t.co/eTPVYVFyd8 While our designers and engineers may not reach out to you, they do read the messages they receive."
G192,So freaking tired of my iPhone 6S Plus after upgrading to iOS 11 and using it for months now. My phone’s screen freezes too out of nowhere and randomly taps on-screen buttons. It’s so unusable and frustrating. Fix it ASAP,device_hardware,AUTO-HANDLE,Address the specific hardware symptom without guessing about repair outcomes.,484534,484533,Fri Dec 01 08:36:18 +0000 2017,@230305 We are here to help. Having your phone working is important. Let's take a look at this for you. DM us your exact iOS version and we can take a look at this. https://t.co/GDrqU22YpT
G193,"one sudden day my iPhone 6 screen got black and when I visited apple service center, I was just told 'You have lost all mobile data n mobile needs to be replaced against certain amount' Is this fair to loose 2 year long memory in one moment?",device_hardware,AUTO-HANDLE,Address the specific hardware symptom without guessing about repair outcomes.,484549,484547,Fri Dec 01 09:10:57 +0000 2017,@230309 We're happy to look into this issue with you. Did you have a backup of your iPhone created to either iCloud or iTunes before this issue occurred?
G194,Sorry apple I forgot to include the picture of the faulty display in my iPhone X. It's the bright white line on the side of my iPhone X.,device_hardware,AUTO-HANDLE,Address the specific hardware symptom without guessing about repair outcomes.,484518,484517,Fri Dec 01 09:40:57 +0000 2017,"@230298 Thank you for that picture. We'd love to review support options for you on this. Please, meet up with us in DM at the link below. Send us a message there, with your country of location to get started. https://t.co/GDrqU22YpT"
G195,im confused my phone is frozen and wont let me touch anything on the screen ive had this phone why is it acting up,device_hardware,AUTO-HANDLE,Address the specific hardware symptom without guessing about repair outcomes.,484446,484444,Fri Dec 01 09:53:05 +0000 2017,"@230277 Hey, let's get your iPhone back up and running smoothly. Is it currently still unresponsive? If so, are you able to restart it as described here?: https://t.co/OWRDHWSt4h"
G196,hi Apple. Why does the clock on my lock screen disappear on my new iPhone 7?,device_hardware,AUTO-HANDLE,Address the specific hardware symptom without guessing about repair outcomes.,486257,486256,Fri Dec 01 11:05:14 +0000 2017,@230689 We want to help. Please DM us how often you're seeing this happen and if a restart seems to help. https://t.co/GDrqU22YpT
G197,I cracked my iPhone tonight what do I do now,device_hardware,AUTO-HANDLE,Address the specific hardware symptom without guessing about repair outcomes.,486167,486166,Fri Dec 01 11:59:57 +0000 2017,@230662 We'd like to look into your options together. Please send a DM to begin and let us know which country you are reaching out from. https://t.co/GDrqU22YpT
G198,I have 5 different right thumbprints for Touch ID and none of them work? I just changed them all,device_hardware,AUTO-HANDLE,Address the specific hardware symptom without guessing about repair outcomes.,486183,486181,Fri Dec 01 12:13:01 +0000 2017,"@230668 Hey, we'd like to offer some assistance, but we want to gain a better understanding of what's going on. To clarify, have you enrolled 5 different fingerprints and none of them work for Touch ID? Which device is this occurring on and what's the iOS version?"
G199,"Why the fuck do random question mark emojis appear on my screen? Even on shit that I️ type. I️ haven’t updated. Keep putting out overpriced shit,",device_hardware,ESCALATE,Address the specific hardware symptom without guessing about repair outcomes.,486204,486203,Fri Dec 01 12:16:10 +0000 2017,"@230674 We recently released an update to address this. The following article is a helpful guide on the update process, if needed: https://t.co/80YRnjDFDk Try out updating the device, but if it still occurs let us know via DM and we can dig in to it deeper from there. https://t.co/GDrqU22YpT"
G200,why does my iPhone 8 screen brightness keep changing even though True Tone is turned off? It’s annoying,device_hardware,ESCALATE,Address the specific hardware symptom without guessing about repair outcomes.,486116,486114,Fri Dec 01 12:35:05 +0000 2017,"@230646 We'd like to look into this with you. Did you have an iPhone prior to setting up the iPhone 8 that experienced this issue? If so, did the iPhone 8 get restored from that iPhone's backup? Do you notice this issue happening when using a specific app or at random?"
